,HEALTHCLIQUE LTD,,,,,,,
,ARTICLES,Company,Price,Qty,Cost Price,Retail Price,Wholesale Price,Stock value
,21G Free needles ,Dele,,100,18,23.4,19.8,1800
,23G Free needles ,Dele,,100,18,23.4,19.8,1800
,7 KEYS HERBAL MIXTURE,,,2,1100,1430,1210,2200
,A DAY KIT TABLET,,,2,2200,2860,2420,4400
,ABF-3 CREAM,,,3,580,754,638,1740
,ABIDEC DROP,Sygen,,6,2331,3030.3,2564.1,13986
,ABONIKI BALM,,,3,850,1105,935,2550
,ACECLOFEN 10 TAB,,,3,0,0,0,0
,ACTIFED TABLETS,,,1,0,0,0,0
,ACYCOR PLUS,Reals,,5,720,936,792,3600
,AD-FLUCONAZOLE TABLET 150MG,,,10,0,0,0,0
,AEROLINE INHALER ,Embassy ,,1,3100,4030,3410,3100
,Afabeta Arteether 150mg/2mL,Elbe,,9,666.6666667,866.6666667,733.3333333,6000
,AFRAB  LORATADINE TABLET 10MG,Afrab,,1,0,0,0,0
,AFRAB IBUPROFEN SUSPENSION 100ML,Afrab,,10,720,936,792,7200
,AFRAB LORATADINE SYRUP,Afrab,,5,650,845,715,3250
,AFRABVITE DROP 15ML,Afrab,,5,680,884,748,3400
,Afriject Syringe 2mL,,,20,40,52,44,800
,Afriject Syringe 5mL,,,0,40,52,44,0
,Agary Plaster  2.5cm,,,3,700,910,770,2100
,Agary Plaster 5cm,,,4,1400,1820,1540,5600
,AJ WELLNESS PRIMOSA,Softhealth,,2,4600,5980,5060,9200
,AJ WELLNESS VITAL MAN,Softhealth,,1,5500,7150,6050,5500
,AJ WELLNESS VITAL WOMAN,Softhealth,,1,5500,7150,6050,5500
,ALABUKUN,,,10,300,390,330,3000
,ALDOCURE METHYLDOPA 250MG,,,1,0,0,0,0
,AMALAR,Elbe,,5,400,520,440,2000
,AMATEM SOFTGEL 80/480,Elbe,,10,2100,2730,2310,21000
,AMINO PEP FORTE LIQUID,,,2,3100,4030,3410,6200
,AMITRIPTYLINE 25MG x 10,Chez,,5,400,520,440,2000
,AMLODIPINE -10MG (MULTICHRIS),Multichris,,10,0,0,0,0
,AMLODIPINE 10MG BERLIN,,,10,400,520,440,4000
,AMLODIPINE- 10MG TEVA +NO,Teva,,5,0,0,0,0
,AMLODIPINE-10 MG  (POCCO),Pocco,,10,780,1014,858,7800
,AMLODIPINE-5MG  (POCCO),Pocco,,10,630,819,693,6300
,AMLODIPINE-5MG TEVA +NO,Teva,,5,0,0,0,0
,AMOKSIKLAV 1000MG,,,2,0,0,0,0
,AMOKSIKLAV 625MG,,,3,0,0,0,0
,AMOXICILLIN  500MG UNBRANDED,,,40,260,338,286,10400
,Amoxicillin 500mg Vitamox,Sagar,,0,360,468,396,0
,AMOXICILLIN SUSPENSION GSK,GSK,,1,3700,4810,4070,3700
,AMOXICILLIN SUSPENSION TUYIL,TUYIL ,,2,900,1170,990,1800
,AMOXIL 500mg GSK,GSK,,5,2300,2990,2530,11500
,AMPICILLIN 250MG,NAZA,,10,300,390,330,3000
,AMPICLOX 500mg GSK,GSK,,5,2300,2990,2530,11500
,AMPICLOX 500mg Unbranded ,Nelb,,20,380,494,418,7600
,Ampiclox 500mg VitaClox,Sagar,,10,360,468,396,3600
,AMPICLOX DROPS,,,1,0,0,0,0
,ANACIN TABLET,,144,2,14,18.2,15.4,28
,ANOROL,,,10,670,871,737,6700
,ANTALLERGE EYE DROPS,Drugfield ,,6,1600,2080,1760,9600
,ANUSOL SUPPOSITORIES,,,1,0,0,0,0
0,APETABON 200ML,,,2,0,0,0,0
,APETAMIN SYRUP 200ML,,,1,6800,8840,7480,6800
,AQUACEF CEFUROXIME 500MG,Aquatis,,3,0,0,0,0
,AQUACEF CEFUROXIME SUSPENSION,Aquatis,,3,0,0,0,0
,AQUACLAV  TABLETS 375MG,Aquatis,,1,2600,3380,2860,2600
,AQUACLAV 1G,Aquatis,,1,2900,3770,3190,2900
,AQUACLAV 625MG,Aquatis,,1,2500,3250,2750,2500
,AQUACLAV SUSPENSION  228.5MG,Aquatis,,3,0,0,0,0
,AQUAFIX ( CEFIXIME)SUSPENSION,Aquatis,,1,0,0,0,0
,AQUAFIX (CEFIXIME) 400MG TAB,Aquatis,,1,0,0,0,0
,ARBITEL 80MG TELMISATAN,,,2,0,0,0,0
,ARCHY VITAMIN C 100MG * 1000TABS (CHEWABLE)ASCOBITONE,Archy,,1,0,0,0,0
,ARCHY VITAMIN C 100MG* 1000TABS ASCOBITONE( WHITE),Archy,,1,0,0,0,0
,ARENAX PLUS FORTE(ARTEMETHER/LUMEFANTRINE),Swipha,,2,0,0,0,0
,ARENAX PLUS x 12(ARTEMETHER/LUMEFANTRINE),,,2,550,715,605,1100
,ARENAX PLUS x 18(ARTEMETHER/LUMEFANTRINE),,,2,750,975,825,1500
,ARISTOBET-N  DROPS,,,1,1900,2470,2090,1900
,ARTEQUICK,,,2,2800,3640,3080,5600
,ARTHOCARE  CAPSULES,,,1,6800,8840,7480,6800
,ARTHOCARE FORTE CAPSULES,,,1,0,0,0,0
,ARTHRITISCARE,,,1,0,0,0,0
,ARTHROTEC 75 X100,Pfizer,,10,2150,2795,2365,21500
,ASCOCHEW COLOURED X100,Diamond,,3,630,819,693,1890
,ASCORBITONE VIT C CHEWABLE X1000,,,1000,2.3,2.99,2.53,2300
,ASMALYN SYRUP,,,3,580,754,638,1740
,ASMANOL TABLET,,,1,950,1235,1045,950
,ASTIN-10 ATORVASTATIN,,,3,0,0,0,0
,ASTYFER CAPSULES,Fidson,,3,0,0,0,0
,ASTYFER TONIC,Fidson,,3,3800,4940,4180,11400
,ASTYMIN CAPSULES,Fidson,,2,3800,4940,4180,7600
,ASTYMIN TONIC,Fidson,,3,3800,4940,4180,11400
,ATADYN SYRUP,,,3,3800,4940,4180,11400
,ATAKA-50 DICLO POTASSIUM,,,10,100,130,110,1000
,ATENOLOL 25MG T-UK,,,2,0,0,0,0
,ATENOLOL 50MG POCCO,Pocco,,1,820,1066,902,820
,ATORVASTATIN 20MG,Lifeback,,3,1900,2470,2090,5700
,AUGMENTIN 1G,GSK,,1,0,0,0,0
,AUGMENTIN 228.5MG,GSK,,1,0,0,0,0
,AUGMENTIN 457MG,GSK,,1,0,0,0,0
,AUGMENTIN 625MG,GSK,,2,0,0,0,0
,AVOMINE 25MG  TABLET,,,1,0,0,0,0
,AVROAPETIT SYRUP,Avro,,3,1000,1300,1100,3000
,AZITHROMYCIN 250MG CAP EMZOR,Emzor,,1,0,0,0,0
,AZITHROMYCIN 500MG CAP EMZOR,Emzor,,2,0,0,0,0
,AZITHROMYCIN SUSP (Swipha),Swipha,,2,2750,3575,3025,5500
,B-COR 2.5 3x10,Afrab,,1,1500,1950,1650,1500
,BABYCCAN 100mL,De-Shalom,,6,1000,1300,1100,6000
,BABYCCAN 60mL,De-Shalom,,1,750,975,825,750
,BABYREX SYRUP,,,10,450,585,495,4500
,BAFAMA CREAM,,,5,620,806,682,3100
,BAROLE 20  RABEPRAZOLE CAPSULES,,,1,5900,7670,6490,5900
,BAZREAL CEFUROXIME AXETIL TABLET 500MG,Bazreal,,2,0,0,0,0
,BECOMBION 150ML,,,2,750,975,825,1500
,BECOMBION 300ML,,,2,1200,1560,1320,2400
,BEEHIVE BALSAM,,,1,0,0,0,0
,BENZHEXOL TAB 5MG,,,1,0,0,0,0
,BENZYL BENZOATE LOTION,,,5,1050,1365,1155,5250
,BETAMETHASONE CREAM,,,5,0,0,0,0
,BG NAT CEFUROXIME 500MG,,,3,2000,2600,2200,6000
,BG NAT CEFUROXIME Susp 125mg/5mL,,,2,1900,2470,2090,3800
,BIOCINE SYRUP,,,2,2700,3510,2970,5400
,BIOCOTEN CREAM,,,3,0,0,0,0
,BIOSEA  LIQUID WITH OMEGA 3 170ML,,,1,5600,7280,6160,5600
,Bisacure 5mg,Unicure,,7,72,93.6,79.2,504
,BISOPROLOL 10MG (SANDOZ),,,3,0,0,0,0
,BLUE CANNULA 22G,,,50,170,221,187,8500
,BONABABE SYRUP,Bond,,5,450,585,495,2250
,BONDOMENT,Bond,,10,680,884,748,6800
,BONDURETIC,Bond,,20,350,455,385,7000
,BOSKA TABLET,Orange,,3,850,1105,935,2550
,BRIMONIDINE TARTRATE OPHTHALMIC SOLUTION 0.2%,,,2,0,0,0,0
,BROMATAN 1.5MG,M & B,,300,16.66666667,21.66666667,18.33333333,5000
,BROMATAN 3MG,M & B,,300,31.66666667,41.16666667,34.83333333,9500
,BROMERGON,,,1,0,0,0,0
,BROMEX  ELIXIR 100ML,Reals,,3,800,1040,880,2400
,BROMEX  PLUS COUGH SYRUP100ML,Reals,,5,800,1040,880,4000
,BRONCHOLYTE ELIXIR ,Sygen,,10,657,854.1,722.7,6570
,BRUSTAN-N 100ML SUSP,Ranbaxy,,5,1100,1430,1210,5500
,BRUSTAN-N 60ML SUSP,Ranbaxy,,5,0,0,0,0
,BRUSTAN-N TABLET,Ranbaxy,,5,450,585,495,2250
,BUNTO CAPSULE,,,6,525,682.5,577.5,3150
,BUNTO TONIC 100ML,Tuyil,,5,600,780,660,3000
,BUNTO TONIC 1L,Tuyil,,2,0,0,0,0
,BUNTO TONIC 300ML,Tuyil,,4,1000,1300,1100,4000
,BUSCOPAN CRAMPS 20TAB,,,1,0,0,0,0
,CA-C 1000 ORANGE,,,1,5800,7540,6380,5800
,Cafergot 1/100,Assos ,,3,3333.333333,4333.333333,3666.666667,10000
,CAFERGOT 1MG/100MG 20TABLET,,,1,0,0,0,0
,CAL D3 PLUS TABLETS,,,2,1000,1300,1100,2000
,CAL D3 TABLETS,,,2,0,0,0,0
,CALAMINE LOTION,,,3,550,715,605,1650
,CALAMINE LOTION (GALWAYS),,,5,480,624,528,2400
,CALCIMAX PLUS 2*15,,,3,2800,3640,3080,8400
,CALCIMAX SUSPENSION,,,1,950,1235,1045,950
,CALCITONE TABLETS x 100,Meyer ,,3,1000,1300,1100,3000
,Calgovit Vit C 1g,,,2,4300,5590,4730,8600
,CAMOSUNATE 1-6YEARS,Geneith,,3,950,1235,1045,2850
,CAMOSUNATE 14YEARS N ABOVE,Geneith,,3,1700,2210,1870,5100
,CAMOSUNATE 7-13YEARS,Geneith,,3,1100,1430,1210,3300
,CAMOSUNATE BELOW  1YEAR,Geneith,,3,1000,1300,1100,3000
,CARBIROID TAB 5MG,,,1,0,0,0,0
,CAREON TONIC 1 LITRE,,,1,0,0,0,0
,CARZEPIN TABLET,,,10,730,949,803,7300
,CEFDOXIM(CEFPODOXIME) 200MG TAB,,,2,3100,4030,3410,6200
,CEFDOXIM(CEFPODOXIME) ORAL SUS 100ML,,,2,0,0,0,0
,Ceftriaxone Inj Krishat,Krishat ,,20,450,585,495,9000
,CELEBREX 10CAPSULES,Pfizer ,,1,0,0,0,0
,CELECOXIB 200MG MIX,,,1,0,0,0,0
,CENOCIDE 100 TABLETS,,,1,0,0,0,0
,CENOX  * 10 CIPROFLOXACIN TABLET,Elbe,,5,1200,1560,1320,6000
,CENPAIN NIGHT CAPLET,,,5,480,624,528,2400
,CHEMIRON  TONIC 100mL,Chemiron,,2,750,975,825,1500
,CHLORAMPHENICOL (CHANNEL) EAR DROPS,,,3,400,520,440,1200
,CHLORAMPHENICOL (MCA) EYE DROPS,,,5,400,520,440,2000
,CHLORAMPHENICOL CAPSULES,Krishat ,,10,380,494,418,3800
,CHLORAMPHENICOL EYE OINTMENT 1%,,,2,550,715,605,1100
,CHLOROPROMAZINE X 1000 TABLETS,,,1,0,0,0,0
,CHLOROQUINE INJ 30mL,,,5,500,650,550,2500
,CHLORXY-G GEL,,,2,700,910,770,1400
,CIMETIDINE 400MG MIX,,,2,900,1170,990,1800
,CIPROFLOXACIN OSWORTH,OSWORTH,,10,450,585,495,4500
,CIPROTAB 500 10 SOFLETS,Fidson,,2,3300,4290,3630,6600
,CIPROTAB 500 14 SOFLETS,Fidson,,5,4000,5200,4400,20000
,CIPROTAB IV,Fidson,,10,430,559,473,4300
,CITRAMIN DROP 100ML,Afrab,,3,700,910,770,2100
,CITRAMIN SYRUP 100ML,Afrab,,5,700,910,770,3500
,Clamoxin 625MG,Greenlife ,,3,2500,3250,2750,7500
,CLINCIN 300MG CLINDAMYCIN,,,3,1350,1755,1485,4050
,CLOFENAC 50,Hovid,,1,0,0,0,0
,CLOFENAC SR,Hovid,,10,820,1066,902,8200
,CLOMID,,,1,10500,13650,11550,10500
,CLOPIDOGREL 75MG (POCCO),Pocco,,3,0,0,0,0
,CO-CODAMOL 8MG/500MG,Bristol ,,10,2000,2600,2200,20000
,COARTEM 80/480,Norvatis ,,2,0,0,0,0
,COF 'N' COLD,Peace,,3,450,585,495,1350
,COFEX COUGH SYRUP,,,10,780,1014,858,7800
,COFLIN COUGH LINTUS,,,3,1500,1950,1650,4500
,COFLIN EXPECTORANT,,,3,550,715,605,1650
,COLIPAN ELIXIR ,Sygen,,10,630,819,693,6300
,CONTIFLO OD,,,1,0,0,0,0
,Cotton wool 100g,,,3,83.33333333,108.3333333,91.66666667,250
,"Crepe 4""",,,3,400,520,440,1200
,Crystalline Penicillin G,,,5,300,390,330,1500
,CYPRIGOLD CAPLET 3x10,,,3,350,455,385,1050
,CYPRIGOLD SYRUP 100ML,,,3,600,780,660,1800
,CYPRIGOLD SYRUP 200ML,,,3,900,1170,990,2700
,CYPRIVIT SYRUP 100ML,,,3,630,819,693,1890
,CYPRIVIT SYRUP 200ML,,,3,1300,1690,1430,3900
,D-KOFF 100ML,,,5,750,975,825,3750
,DAGA PCM 500mg 8x12,Sygen,,200,125,162.5,137.5,25000
,DAKTARIN CREAM,,,2,0,0,0,0
,DANACID TABLET,,,24,200,260,220,4800
,DAONIL 5MG,,,1,0,0,0,0
,DARAVIT FORTE,Elbe ,,1,5500,7150,6050,5500
,DARAVIT WOMAN COMBIPACK CAPSULES,Elbe,,2,6000,7800,6600,12000
,DE-DEON 150MLS,Daily Needs,,2,2300,2990,2530,4600
,DE-DEON 280MLS,Daily Needs,,5,3500,4550,3850,17500
,DEEP FREEZE COLD SPRAY 150ML-NO,,,1,0,0,0,0
,DEEP HEAT RUB,,,3,0,0,0,0
,DELE COTTON WOOL 500G,DELE,,2,4400,5720,4840,8800
,Dele Cotton Wool 50g,,,3,483.3333333,628.3333333,531.6666667,1450
,Depo Provera Inj ,Pfizer,,2,1500,1950,1650,3000
,DETTOL 165ML,,,1,3200,4160,3520,3200
,DGF HYDROCORTISONE CREAM,Drugfield,,5,1050,1365,1155,5250
,DIAMET 500MG,M & B,,18,270,351,297,4860
,DIASTOP SUSPENSION 100ML,,,3,750,975,825,2250
,DIATAB 5MG (GLIBENCLAMIDE) TAB,M & B,,30,370,481,407,11100
,DICLOFENAC EYE DROPS DGF,Drugfield,,2,0,0,0,0
,DICLOMOL CAPLETS,,,2,800,1040,880,1600
,DICLOMOL GEL 30G,,,3,800,1040,880,2400
,DIFLUCAN 50MG,Pfizer ,,1,0,0,0,0
,DIG DIGOXIN 0.25MG TABLET,,,1,0,0,0,0
,DIVINE CHEST & LUNGS,,,4,225,292.5,247.5,900
,DOLO-META B,,,10,400,520,440,4000
,DOPATAB,,,10,800,1040,880,8000
,DORBAXIN ( METHOCARBAMOL),,,2,0,0,0,0
,DOXYCAP,,,20,630,819,693,12600
,DOXYCYCLINE CAPSULES,,,30,210,273,231,6300
,DR HOMMELS BLOOD TONIC 200ML,,,2,3500,4550,3850,7000
,DR MEYER B-COMPLEX 100TABLETS,,,6,780,1014,858,4680
,DRUJELA MOUTH GEL,Drugfield,,2,0,0,0,0
,DRULATAN EYE DROP (LATANOPROST),,,1,0,0,0,0
,DULCOLAX 5MG TABLETS,,,1,0,0,0,0
,DYNAMOGEN,,,20,350,455,385,7000
,EDEN LISINOPRIL 10MG,Eden,,10,0,0,0,0
,EDEN LISINOPRIL 5MG,Eden,,5,0,0,0,0
,EM-B-PLEX X 1000,Emzor,,1000,2.2,2.86,2.42,2200
,EM-VIT-C  VITAMIN C  100 WHITE  TABLET,Emzor,,3,0,0,0,0
,EM-VIT-C  VITAMIN C  1000 FLAVORED TABLETS,Emzor,,1,0,0,0,0
,EM-VIT-C  VITAMIN C  1000 WHITE  TABLET,Emzor,,1000,4,5.2,4.4,4000
,EM-VIT-C  VITAMIN C DROPS,Emzor,,5,0,0,0,0
,EM-VIT-C  VITAMIN C SYRUP,Emzor,,5,830,1079,913,4150
,EMCAP EXTRA TABLETS,Emzor,,2,180,234,198,360
,EMCAP SUSPENSION,Emzor,,3,700,910,770,2100
,EMCAP TABLETS,Emzor,,20,140,182,154,2800
,EMGYL SUSPENSION,Emzor,,5,0,0,0,0
,EMGYL TABLET 200MG,Emzor,,5,0,0,0,0
,EMGYL TABLET 400MG,Emzor,,5,0,0,0,0
,EMMOX AMOXICILLIN  500MG CAPSULES,Emzor,,3,0,0,0,0
,EMMOX SUSP.100ML,Emzor,,3,1350,1755,1485,4050
,EMPRIN 75,Emzor,,20,65,84.5,71.5,1300
,EMPROFEN 400MG 10X10,Emzor,,1,0,0,0,0
,EMTRIM SUSPENSION,Emzor,,5,700,910,770,3500
,EMTRISIL SUSPENSION,Emzor,,2,0,0,0,0
,EMVITE MULTVITAMIN 100 TABLET,Emzor,,3,0,0,0,0
,EMVITE MULTVITAMIN SYRUP,Emzor,,10,850,1105,935,8500
,EMZOCLOX CAPSULES,Emzor,,1,0,0,0,0
,EMZOCLOX SUSP.100ML,Emzor,,2,0,0,0,0
,EMZOLYN 4-WAY  SYRUP,Emzor,,3,1100,1430,1210,3300
,EMZOLYN EXPECTORANT  SYRUP,Emzor,,10,1200,1560,1320,12000
,EMZOLYN SYRUP CHILD,Emzor,,10,780,1014,858,7800
,EMZOLYTE,Emzor,,45,250,325,275,11250
,EMZOLYTE PLUS BY 30,Emzor,,10,650,845,715,6500
,EMZOR CHLOROQUINE  250MG 10X10,Emzor,,1,0,0,0,0
,EMZOR CHLORPHENIRAMINE SYRUP,Emzor,,2,0,0,0,0
,EMZOR CHLORPHENIRAMINE TABLET 4MG,Emzor,,5,120,156,132,600
,EMZOR EMZORON CAPSULE BY 30,Emzor,,2,0,0,0,0
,EMZOR PARA 1000,Emzor,,9,800,1040,880,7200
,EMZOR PARA 1000 Hospital pack,Emzor,,20,250,325,275,5000
,EMZOR PARACETAMOL DROPS,Emzor,,3,700,910,770,2100
,EMZOR PARACETAMOL SYRUP,Emzor,,10,580,754,638,5800
,EMZOR PARACETAMOL TAB  500MG,Emzor,,15,140,182,154,2100
,EMZOR PARACETAMOL TABLET X 1000 TABLET,Emzor,,1,0,0,0,0
,EMZOR VITAMIN E 1000,Emzor,,2,0,0,0,0
,EMZORON TONIC,Emzor,,3,0,0,0,0
,EPIDERM CREAM 30G,Shalina,,3,700,910,770,2100
,EPOEJA COD LIVER OIL 1000MG,,,8,600,780,660,4800
,EPOEJA COD LIVER OIL 300MG,,,3,0,0,0,0
,EPROXEN 500,,,2,0,0,0,0
,ERYTHROFAITH 500mg,,,10,946,1229.8,1040.6,9460
,ERYTHROMYCIN SUSPENSION  TUYIL,,,3,0,0,0,0
,EUSOL SOLUTION,,,3,0,0,0,0
,EXAMINATION GLOVE,,,50,80,104,88,4000
,EXCELGAB (PREGABALIN) 75MG,,,2,0,0,0,0
,EXIPLON CHILDREN  COUGH SYRUP,Unique,,10,420,546,462,4200
,EXIPLON EXPECTORANT,Unique,,10,450,585,495,4500
,EYE VITAL PLUS CAPSULES AKTIV,,,1,11500,14950,12650,11500
,EYEDEXA (DEXAMETHASONE) EYE DROP,,,2,0,0,0,0
,EYEDITEN (KETOTIFEN) EYE DROP,,,1,3650,4745,4015,3650
,FAITH  MIST POT. CIT.,,,3,0,0,0,0
,FEED FINE CAPSULES,,,2,700,910,770,1400
,FELVIN CAPSULES,Greenlife,,50,135,175.5,148.5,6750
,FEROBIN PLUS SYRUP,Fidson,,1,2200,2860,2420,2200
,FEROGLOBIN CAPSULES,Vitabiotics,,1,8500,11050,9350,8500
,FEROGLOBIN TONIC,Vitabiotics,,1,8800,11440,9680,8800
,FESULF 1000 TABLETS,,,3,0,0,0,0
,FESULF 10x10 TABLETS,,,20,50,65,55,1000
,FESULF X1000,Therapeutic ,,1000,2,2.6,2.2,2000
,FIDSON B-CO B-COMPLEX 100ML,Fidson,,5,630,819,693,3150
,FIESTA CONDOM,DKT,,10,0,0,0,0
,Fingameta 80/480,,,10,500,650,550,5000
,FIRE CONDOM XOLICA,MSI,,12,491.6666667,639.1666667,540.8333333,5900
,FLORA NORM,,,1,0,0,0,0
,FLUCAMED  10 CAPSULES 200MG,Drugfield ,,1,0,0,0,0
,Fluconazole 150mg,RGI,,3,650,845,715,1950
,FLUCOR DAY  SOFTGEL,Hovid,,2,0,0,0,0
,FOLIC ACID X 1000,,,1000,1.7,2.21,1.87,1700
,FOLIC ACID X1000,,,1000,2,2.6,2.2,2000
,FUNBACT-A CREAM,Greenlife,,5,700,910,770,3500
,FUNGUSOL CREAM,Afrab,,2,1000,1300,1100,2000
,FUNGUSOL LOTION,Afrab,,2,1000,1300,1100,2000
,FUNGUSOL POWDER,Afrab,,1,1200,1560,1320,1200
,FUROSEMIDE 40MG CRESCENT,Crescent ,,3,0,0,0,0
,FUROSEMIDE TABLET 20MG T-UK,,,2,0,0,0,0
,GALVUS MET 50MG/1000MG,Merck,,1,0,0,0,0
,GASCOL SUSPENSION,Fidson ,,3,0,0,0,0
,Gauze M/S,,,12,158.3333333,205.8333333,174.1666667,1900
,Gauze S/S,,,12,116.6666667,151.6666667,128.3333333,1400
,GAVISCON PEPPERMINT LIQUID,,,1,7500,9750,8250,7500
,GECROL SUSPENSION 100ML,Tuyil,,3,700,910,770,2100
,GENTALAB EYE/EAR GENTAMICIN DROP,,,5,0,0,0,0
,GESTID  SUSPENSION 100ML,Ranbaxy ,,3,0,0,0,0
,GESTID  SUSPENSION 200ML,Ranbaxy ,,3,1900,2470,2090,5700
,GETZOME  20MG,Getz,,3,0,0,0,0
,GG COLD CAP,Geneith,,20,150,195,165,3000
,Ginsomin,Mega,,1,7800,10140,8580,7800
,GLUCOPHAGE 1000MG 30TABLETS,Merck,,1,0,0,0,0
,GLUCOPHAGE 500MG 30TABLETS,Merck,,4,2000,2600,2200,8000
,GLUCOSE D 50g Sachet,Munro ,,10,280,364,308,2800
,GLUFORMIN 500mg,Sygen,,30,137,178.1,150.7,4110
,GOLD APETI,THERAPEUTIC ,,1,1650,2145,1815,1650
,GOLD CIRCLE,SFH,,24,354,460.2,389.4,8496
,GREENZORAL CREAM KETOCONAZOLE,Greenlife,,2,0,0,0,0
,GREENZORAL TABLET  KETOCONAZOLE,Greenlife,,2,0,0,0,0
,GRIPE WATER ,,,2,1350,1755,1485,2700
,GRISEOFULVIN 500mg tab (GENEVIN),Geneith,,40,87.5,113.75,96.25,3500
,GRISEOVAL SUSP,Sygen,,,,0,0,0
,Healthpath Evening Primerose Oil 1g 3x10,Healthpath,,1,4200,5460,4620,4200
,HEALTHPATH EVENING PRIMROSE 1000MG X 30,Healthpath,,2,0,0,0,0
,HEALTHPATH GINGKO BILOBA,Healthpath,,1,0,0,0,0
,HEMOFORCE PLUS 200ML,Shalina,,1,1926,2503.8,2118.6,1926
,HONNIHIL 20MG,,,2,2600,3380,2860,5200
,HS 12 SYRUP,,,1,0,0,0,0
,HYDREX TABLET,,,2,0,0,0,0
,HYDROGEN PEROXIDE (SKG),SKG,,3,0,0,0,0
,IBU-400( IBUPROFEN ) TABLET,,,20,250,325,275,5000
,IBUCAP,Shalina,,20,325,422.5,357.5,6500
,IBUCAP FORTE,Shalina,,7,495,643.5,544.5,3465
,IBUPPROFEN 400MG UNICURE,Unicure,,5,0,0,0,0
,INDOMETHACIN CAP,,,2,170,221,187,340
,Inj Artemether 80mg/mL,Naza,,30,83.33333333,108.3333333,91.66666667,2500
,Inj Artesunate 120mg,Derm's,,5,1300,1690,1430,6500
,INJ ARTESUNATE 120MG POCCO,pocco ,,16,1200,1560,1320,19200
,INJ ARTESUNATE 60MG LEVER,Geneith,,10,870,1131,957,8700
,INJ CIMETIDINE ,,,10,100,130,110,1000
,Inj CPM Piriton 10mg/mL,,,30,45,58.5,49.5,1350
,INJ DICLOFENAC ,,,30,50,65,55,1500
,Inj Gentamycin 80mg/2mL,Fest ,,100,50,65,55,5000
,Inj PCM 300/2mL Kaka,,,0,50,65,55,0
,INJ PCM 300MG/2ML,,,100,50,65,55,5000
,Inj Promethazine 50mg/2mL,Derm's,,10,45,58.5,49.5,450
,Inj Quinine 600mg/2mL,Knox ,,10,330,429,363,3300
,INJ SALBACEF 1500,Aquatis,,5,1800,2340,1980,9000
,INJ STREPTOMYCIN ,,,5,500,650,550,2500
,INJ SYCEPH 1.5G,Geneith,,10,1400,1820,1540,14000
,Inj Vitamin B12,,,20,40,52,44,800
,INJ VITAMIN K3,,,10,120,156,132,1200
,IV Giving Set,,,8,150,195,165,1200
,IVYCROM SODUIM CROMOGLYCATE  EYEDROP,,,1,3000,3900,3300,3000
,IVYFLUR FLURBIPROFEN  EYEDROPS,,,2,0,0,0,0
,IVYMOICELL EYE DROP,Dortemeg ,,1,3000,3900,3300,3000
,IVYSINE TETRAHYDROZOLINE HCL EYE DROPS 10ML,,,2,0,0,0,0
,IVYTIMOL TIMOLOL  EYEDROPS,,,1,2800,3640,3080,2800
,JAWACLOX DROP 8ML,Jawa,,5,1700,2210,1870,8500
,JEONOL TAB,,,10,160,208,176,1600
,JOINTACE COLLAGEN,Vitabiotics,,1,0,0,0,0
,JUCOPAN (HYOSCINE BUTYLBROMIDE) TABLET,,,1,250,325,275,250
,K-Y JELLY 50G LUBRICANT,,,2,0,0,0,0
,KALSTAT -20 ROSUVASTATIN,,,3,0,0,0,0
,KALSTAT-10 ROSUVASTATIN TAB,,,3,0,0,0,0
,Karaole ,Tuyil,,100,140,182,154,14000
,KEEP-ON EMULSION,,,1,0,0,0,0
,KINBREX (CELECOXIB) 200MG,,,2,1700,2210,1870,3400
,KISS CONDOMS,DKT,,36,291.6666667,379.1666667,320.8333333,10500
,KISS LUBE GEL 50ML,DKT,,1,0,0,0,0
,Klovinal,Seagreen,,3,4000,5200,4400,12000
,KOYOMINE (PROMETHAZINE 25mg tab),Nkoyo,,5,270,351,297,1350
,L-FLOX-500MG,,,2,1400,1820,1540,2800
,LAMISIL 1| CREAM,Novartis,,1,0,0,0,0
,LEVOFEM,DKT,,1,500,650,550,500
,LEVOTIL 500MG LEVOFLOXACIN,,,2,1400,1820,1540,2800
,LIBRE TIZANIDINE 2MG,Libre,,2,1400,1820,1540,2800
,LIFEBACK METFORMIN 500MG 6*14 TABLETS,Lifeback,,12,283.3333333,368.3333333,311.6666667,3400
,LIGABA 75MG,,,1,0,0,0,0
,LINCOMYCIN CAPSULE,,,2,0,0,0,0
,LINCOMYCIN CAPSULE DERMS,,,2,1300,1690,1430,2600
,Lisinopril 10mg (Exopril),,,2,450,585,495,900
,Lisinopril 5mg ,Chez,,2,350,455,385,700
,LIVOLIN FORTE,Mega,,1,8000,10400,8800,8000
,LODIUM 2MG 10 X 10,Vixa,,3,0,0,0,0
,LODIUM 2MG X 10,Vixa,,2,950,1235,1045,1900
,LOFNAC GEL,Greenlife,,12,650,845,715,7800
,LOFNAC TABLET,Greenlife,,10,190,247,209,1900
,LONART 24 TABLETS,Greenlife,,10,800,1040,880,8000
,LONART DS,Greenlife,,10,2150,2795,2365,21500
,LOPRAD (LOPERAMIDE) 2MG CAP,,,10,0,0,0,0
,LORANAX 10MG,Greenlife ,,30,350,455,385,10500
,LORATYN-10 Hovid,Hovid,,10,680,884,748,6800
,LOSARTAN 25MG LIFEBACK,Lifeback,,2,0,0,0,0
,LOSARTAN 25MG POCCO,Pocco,,2,0,0,0,0
,LOSARTAN 50MG LIFEBACK,Lifeback,,2,1800,2340,1980,3600
,LOSARTAN 50MG POCCO,Pocco,,2,0,0,0,0
,LOXAGYL 200,M & B,,2,0,0,0,0
,LOXAGYL 400,M & B,,20,150,195,165,3000
,LOXAGYL SUSPENSION,M & B,,3,630,819,693,1890
,M&B CIPRO 500 BY10,M & B,,3,0,0,0,0
,M&B IBUPROFEN SYRUP,M & B,,3,0,0,0,0
,M&B PARACETAMOL SYRUP,M & B,,10,530,689,583,5300
,M&B PARACETAMOL TAB  500MG x 432,M & B,,72,116.6666667,151.6666667,128.3333333,8400
,M&B PARACETAMOL TAB  500MG x 96,M & B,,10,0,0,0,0
,MAGNAVIT TONIC 200ML,Shalina,,1,1700,2210,1870,1700
,MALANTER DISPERSIBLE ,Nkoyo,,30,259,336.7,284.9,7770
,Malanter DS,Nkoyo,,10,660,858,726,6600
,MALDOX SYRUP,Emzor,,3,800,1040,880,2400
,MAXIQUINE SYRUP CHLOROQUINE PHOSPHATE,Vitabiotics ,,2,700,910,770,1400
,MECTIZAN 3MG IVERMECTINE,,,500,15.2,19.76,16.72,7600
,MEDMORAL TRYPSIN TABLET,Embassy,,6,283.3333333,368.3333333,311.6666667,1700
,MEFSPAS ,Ncure,,,,0,0,0
,MENTHODEX COUGH MIXTURE 100ML,,,1,0,0,0,0
,MEPIRYL 2MG,M & B,,3,2000,2600,2200,6000
,MEPIRYL 4MG,M & B,,3,3300,4290,3630,9900
,MEPRASIL,Fidson ,,2,1100,1430,1210,2200
,METFORMIN 500MG OSWORTH,Osworth,,12,166.6666667,216.6666667,183.3333333,2000
,METHOCARBAMOL 500MG TABLET,,,2,0,0,0,0
,MICROPOST EYE DROP (TRAVOPROST),,,1,0,0,0,0
,MIM 300ML,,,2,0,0,0,0
,MISOPT EYE DROPS,,,1,0,0,0,0
,Mixagrip,,,25,360,468,396,9000
,MIXANAL CAPLET,,,25,240,312,264,6000
,MOKO EPSOM SALT,Moko,,1,0,0,0,0
,MOKO GENTIAN VIOLET PAINT GV,Moko,,5,0,0,0,0
,MOKO HYDROGEN PEROXIDE,Moko,,5,0,0,0,0
,MOKO IODINE,Moko,,3,0,0,0,0
,MOKO LIQUID PARAFFIN,Moko,,3,1350,1755,1485,4050
,MOKO METHYLATED SPIRIT ,MOKO,,6,1000,1300,1100,6000
,MOKO MIST KAOLIN,Moko,,2,0,0,0,0
,MOKO MISTMAG,Moko,,5,700,910,770,3500
,MONTRAL (MONTELUKAST / LEVOCETRIZINE)TAB,,,1,0,0,0,0
,MOSCINE 10MG,Richygold,,10,200,260,220,2000
,MUPIDERM OINTMENT MUPIROCIN,,,2,2200,2860,2420,4400
,MYCOTEN CREAM,Drugfield ,,3,0,0,0,0
,MYCOTEN PLUS VAGINAL CREAM,Drugfield ,,2,0,0,0,0
,MYCOTEN PLUS VAGINAL TABLET,Drugfield ,,1,0,0,0,0
,MYCOTEN VAGINAL CREAM,Drugfield ,,1,1800,2340,1980,1800
,MYCOTEN VAGINALTABLET,Drugfield ,,2,1700,2210,1870,3400
,NAPROXEN 500MG (BAFNA),,,2,0,0,0,0
,NAT B CAPSULES,Mega,,1,8500,11050,9350,8500
,NCP 100ML,Neimeth,,1,2997,3896.1,3296.7,2997
,NCP 200ML,Neimeth,,1,1180,1534,1298,1180
,NECTALLIN SYRUP,,,1,0,0,0,0
,NEO-PRESOL,Drugfield ,,2,3000,3900,3300,6000
,NEOFYLIN SYRUP 100ML,Mopson,,5,830,1079,913,4150
,NEOSKIN CREAM,,,5,0,0,0,0
,NEUROBION TABLETS 10X10,,,1,0,0,0,0
,NEUROGESIC EXTRA 35G,Drugfield ,,2,1100,1430,1210,2200
,NEUROGESIC EXTRA 85G,Drugfield ,,2,2250,2925,2475,4500
,NEUROGESIC OINTMENT 35G,Drugfield ,,2,1200,1560,1320,2400
,NEUROGESIC OINTMENT 85G,Drugfield ,,2,2100,2730,2310,4200
,NEUROVIT FORTE,,,5,750,975,825,3750
,NEVAN (NEPAFENAC),,,1,0,0,0,0
,NGC CHILDREN SYR,Sygen,,10,550,715,605,5500
,NGC EXPECTORANT,Sygen,,10,594,772.2,653.4,5940
,NGC VALGIN 10x10,Sygen,,,,0,0,0
,NGC VALGIN 10x100,Sygen,,100,89,115.7,97.9,8900
,NIFECARD XL 30MG TABLET,,,1,0,0,0,0
,NIFECURE,Unicure,,30,70,91,77,2100
,NIFEDIPINE RETARD 20MG M&B,M & B,,15,600,780,660,9000
,NIFEDIPINE XL 30MG M&B,M & B,,9,1166.666667,1516.666667,1283.333333,10500
,NIXODERM 15G TUBE,,,3,1170,1521,1287,3510
,NO-ACH TABLET,,,4,1150,1495,1265,4600
,NORFLEX ORPHENADRINE CITRATE 100MG TAB,,,2,0,0,0,0
,NORGESIC TABLET,,,2,0,0,0,0
,NOSPAMIN 15ML DROP,Afrab,,3,680,884,748,2040
,NOVALYN COUGH LINTUS,SKG,,3,0,0,0,0
,NOVALYN DRY COUGH ADULT,SKG,,3,0,0,0,0
,NOVALYN DRY COUGH CHILDREN,SKG,,3,0,0,0,0
,NUTRACID SUSPENSION,GB,,2,0,0,0,0
,NUTRAVIT SYRUP 100ML,Hovid,,1,3100,4030,3410,3100
,NUTRAVIT SYRUP 60ML,Hovid,,1,2800,3640,3080,2800
,NUVOLIN ,Ncure,,1,6500,8450,7150,6500
,OBRON-6 BY 30,,,2,0,0,0,0
,OCEANIC COD LIVER OIL 1000MG,,,5,0,0,0,0
,OCEANIC COD LIVER OIL 300MG,,,5,0,0,0,0
,OCEFIX  SYRUP 100ML CEFIXIME,Swipha,,2,2900,3770,3190,5800
,OCEFIX  SYRUP 60ML CEFIXIME,Swipha,,2,0,0,0,0
,ODOMOS 25G,,,3,0,0,0,0
,ODOMOS 50G,,,1,600,780,660,600
,OFATIN OFLOXACIN 200MG TABLET,,,3,0,0,0,0
,OFLOXACIN 400MG MIX,,,3,0,0,0,0
,OLANZA-10,,,3,0,0,0,0
,OLANZA-5,,,3,0,0,0,0
,OMEFAST-20 CAPSULE,,,2,1150,1495,1265,2300
,OMEGA-H3 CAPSULES,Vitabiotics ,,1,0,0,0,0
,OMEPRAZOLE CAP 1x14 Krishat ,Krishat ,,10,250,325,275,2500
,OMESHAL 20MG,Shalina,,3,0,0,0,0
,OMESHAL PLUS KIT,Shalina,,1,10360,13468,11396,10360
,OPATANOL OLOPATADINE EYES DROP,,,1,0,0,0,0
,ORELOX 50ML SUSPENSION,Sanofi,,2,0,0,0,0
,ORHEPTAL 100ML,Meyer,,3,0,0,0,0
,ORHEPTAL 1L,Meyer,,1,3300,4290,3630,3300
,ORHEPTAL 300ML,Meyer,,3,0,0,0,0
,ORPHESIC TABLETS X 100,,,10,1070,1391,1177,10700
,OSTEO INHALER,,,3,0,0,0,0
,OSTEO TABLET,,,1,0,0,0,0
,P-ALAXIN 12TABLETS,Greenlife ,,3,0,0,0,0
,P-ALAXIN 9TABLET,Greenlife ,,3,1300,1690,1430,3900
,P-ALAXIN TS,Greenlife ,,3,1450,1885,1595,4350
,Palodal 2.5mg,,,1,8000,10400,8800,8000
,PANADOL EXTRA,,,20,308,400.4,338.8,6160
,PANADOL TABLET,GSK,,10,320,416,352,3200
,PANDA DROP,Afrab,,3,700,910,770,2100
,PANDA SYRUP 60ML,Afrab,,2,600,780,660,1200
,PANFOR SR 1000MG,Mega,,5,0,0,0,0
,PARLODEL 2.5MG TABLET,,,1,2200,2860,2420,2200
,PENICILLIN  EYE OINTMENT,,,3,0,0,0,0
,PENICILLIN SKIN  OINTMENT,,,3,600,780,660,1800
,PERILON 5MG,Hovid,,10,370,481,407,3700
,PINK CANNULA 24G,,,50,170,221,187,8500
,PIRITON EXPECTORANT (CHILDREN ),Evans ,,2,950,1235,1045,1900
,PIRITON EXPECTORANT 100mL,Evans,,2,950,1235,1045,1900
,POCCO LORATADINE DISPERSIBLE,Pocco,,20,200,260,220,4000
,POCCO PERMETHRIN CREAM 30G,Pocco ,,3,1533.333333,1993.333333,1686.666667,4600
,POCCOCLAV 228.5,Pocco,,3,1700,2210,1870,5100
,POLYFORT SUSPENSION 200ML,Swipha ,,2,1700,2210,1870,3400
,POLYGEL SUSP 200ML,Shalina,,2,0,0,0,0
,POSTINOR 2,SFH,,2,1800,2340,1980,3600
,POSTPILL,DKT,,5,0,0,0,0
,POWERHEAT CREAM,,,3,0,0,0,0
,PREDICTE OVULATION STRIP,,,2,0,0,0,0
,PREDICTE PREGNANCY TEST STRIP,,,100,50,65,55,5000
,PREDICURE 5MG PREDNISOLONE,Unicure,,110,62,80.6,68.2,6820
,PREGNACARE ORIGINAL,Vitabiotics ,,1,10000,13000,11000,10000
,PREGNATAB X 30 TABLETS,Medheight,,1,3300,4290,3630,3300
,PRIMOLUT N,Bayer,,1,9500,12350,10450,9500
,PRIMPEX DS  10X10 CAPLETS,SKG ,,1,0,0,0,0
,PRIMPEX DS 10 CAPLETS,SKG ,,5,0,0,0,0
,Procold,,,50,294,382.2,323.4,14700
,PROMETHAZINE SYRUP (MOPSON),Mopson,,3,0,0,0,0
,PROPRANOLOL 40MG POCCO,Pocco,,3,1500,1950,1650,4500
,PYRANTRIN SUSP,Neimeth,,2,1250,1625,1375,2500
,PYRANTRIN TABLET,Neimeth,,5,680,884,748,3400
,RAMITACE 5MG,M&B,,2,1000,1300,1100,2000
,RANFERON-12 TONIC 200ML,,,2,0,0,0,0
,REAL EXTRA TABLET,Real,,20,280,364,308,5600
,REFUCIL SUSPENSION,Real,,2,1600,2080,1760,3200
,RELCER GEL 180MLS,,,1,1800,2340,1980,1800
,RELUDRINE TABLET (PROGUANIL )100MG,,,10,730,949,803,7300
,RETRAX SYRUP,Reals,,2,0,0,0,0
,RIBOFLAVIN TAB 5MG (RIBORICH),Richygold,,20,60,78,66,1200
,Ricam,Ricky gold,,20,150,195,165,3000
,RISPERIDONE TAB 2MG MIX,,,2,0,0,0,0
,ROBB INHALER,,,36,316,410.8,347.6,11376
,ROPHEGAN  ELIXIIR 60 ML,,,3,580,754,638,1740
,RULOX SUSPENSION 200MLS,,,2,1800,2340,1980,3600
,SAMSU OIL,,,2,0,0,0,0
,SAVLON 250ML,,,1,4000,5200,4400,4000
,Scalp vein 21G,,,100,60,78,66,6000
,SECWID,,,4,900,1170,990,3600
,SHALARTEM FORTE,Shalina,,2,880,1144,968,1760
,SHALTOUX  LOZENGES ,Shalina,,240,43.75,56.875,48.125,10500
,SHALTOUX 4 WAY RELIEF COUGH SYRUP,Shalina,,3,0,0,0,0
,SIMORAL,Geneith,,6,250,325,275,1500
,SIVO LORATADINE TABLET,,,2,0,0,0,0
,SKINEAL CREAM,Vixa,,3,1050,1365,1155,3150
,SOFT HEALTH COD LIVER OIL,,,4,550,715,605,2200
,SOREPILS LOZENGES,,,6,800,1040,880,4800
,SORESIL LOZENGES HONEY LEMON,,,3,0,0,0,0
,SPIDOL (CLOPIDOGREL 75),,,2,1350,1755,1485,2700
,SPIRONOLACTONE 25MG MIX,,,2,0,0,0,0
,SPORIDEX 500 CAPSULES CEFALEXIN,,,2,2200,2860,2420,4400
,SPORIDEX CEFALEXIN SUSPENSION 250MG 100ML,,,2,0,0,0,0
,STOPINOR 1.5mg,Ncure,,20,450,585,495,9000
,STUGERON TABLETS,,,5,580,754,638,2900
,SUDREX,,,6,600,780,660,3600
,SULPHUR OINTMENT (DGF),,,3,0,0,0,0
,SUMO ACTIVE SYRUP,,,2,2200,2860,2420,4400
,SUPER APETI PLUS 200ML,Shalina,,2,1600,2080,1760,3200
,Super Immune C 1g ,,,1,3900,5070,4290,3900
,SUPERMAG ANTACID 100ML,,,3,0,0,0,0
,SUPERMAG ANTACID 200ML,,,3,950,1235,1045,2850
,SUPRAMULT JUNIOR SYR,Chi,,2,2200,2860,2420,4400
,SWIDAR TABLETS,Swipha ,,5,500,650,550,2500
,SWIFEN 100ML  (IBUPPROFEN)  SYRUP,Swipha ,,2,750,975,825,1500
,SWISEC SECNIDAZOLE 500MG,Swipha ,,3,0,0,0,0
,SYRINGE AND NEEDLE 2ML (DELEJECT),DELE,,100,35,45.5,38.5,3500
,SYRINGE AND NEEDLE 5ML (DELEJECT),DELE,,100,35,45.5,38.5,3500
,TABALON 400mg 10x10,Sygen,,30,210,273,231,6300
,TABASIL CREAM (TERBINAFINE ),,,2,0,0,0,0
,TABASIL TABLET,,,2,3400,4420,3740,6800
,TALEN 1.5MG,,,2,0,0,0,0
,TALEN 3MG,,,2,0,0,0,0
,TANZOL SUS400MG/10ML,,,3,0,0,0,0
,TANZOL TABLET,,,40,180,234,198,7200
,TELESHAL 40MG,Shalina,,2,4000,5200,4400,8000
,TELMISARTAN 40 TABLET POCCO,,,2,0,0,0,0
,TELMISARTAN 80 TABLET POCCO,,,2,0,0,0,0
,YEAST X 100,NUEL,,3,1000,1300,1100,3000
,TETANUS VACCINE 0.5ML DANO,,,1,0,0,0,0
,TETRACYCLINE CAPSULE,,,50,200,260,220,10000
,TINIZOL 500(TINIDAZOLE),,,3,0,0,0,0
,TORSINEX-10,,,3,3000,3900,3300,9000
,TRANEXAMIC ACID TAB 1X 10 EMBASSY ,EMBASSY,,2,2700,3510,2970,5400
,TRIBACT CREAM,Geneith ,,3,560,728,616,1680
,TUCLOX SUSPENSION ,TUYIL ,,3,1000,1300,1100,3000
,TUTOLIN CHILDREN,Tuyil,,3,500,650,550,1500
,TUTOLIN EXPECTORANT,Tuyil,,3,500,650,550,1500
,TUXIL-D ADULTS,Fidson,,3,0,0,0,0
,TUXIL-D CHILDREN,Fidson,,3,780,1014,858,2340
,TUXIL-N ADULTS,Fidson,,3,780,1014,858,2340
,TUXIL-N CHILDREN,Fidson,,3,780,1014,858,2340
,TYDINEAL CREAM,Osworth,,10,700,910,770,7000
,UNIDAR-F Full Strength ,,,3,550,715,605,1650
,UNIDAR-H Half Strength ,,,3,550,715,605,1650
,UNIDEX 10% D/W,,,2,550,715,605,1100
,UNIDEX-5 5% D/W,Unique,,4,600,780,660,2400
,UNIDEXAL 18 4.3%,,,2,550,715,605,1100
,UNIDEXAL-9 5% D/S,Unique,,4,600,780,660,2400
,UNIGYL 200,Unique,,2,0,0,0,0
,UNIGYL 400,Unique,,2,0,0,0,0
,UNIGYL METRO INFUSION ,,,8,450,585,495,3600
,UNIPLEX COUGH SYRUP,Daily Need,,2,750,975,825,1500
,UNISAL 0.9%,Unique,,10,550,715,605,5500
,UNITRIM TAB 480MG,Unique,,30,230,299,253,6900
,UNIVAL DIAZEPAM 5MG,Swipha,,2,0,0,0,0
,VASOPRIN,,,50,65,84.5,71.5,3250
,VEGA 100,,,10,400,520,440,4000
,VENTOLIN INHALER,GSK,,2,0,0,0,0
,VIAGRA 100MG,Pfizer,,1,0,0,0,0
,VIREST 400MG,Hovid,,1,0,0,0,0
,VIREST CREAM 5G,Hovid,,1,0,0,0,0
,VISINE EYE DROP,,,1,0,0,0,0
,Vit C 1g + Zinc 50mg 10x10,Jessy ,,10,600,780,660,6000
,Vit C Effervescent Green,,,1,3200,4160,3520,3200
,Vit E Natura House 1000IU,,,10,1100,1430,1210,11000
,VITA--TEARS EYE DROP,,,2,0,0,0,0
,WELLKID BABY&INFANT SYRUP,Vitabiotics ,,1,8500,11050,9350,8500
,WELLROZE CAPSULES,Lyn-Edge,,1,4900,6370,5390,4900
,WELLWOMAN,Vitabiotics ,,1,12000,15600,13200,12000
,WORMIN 500,,,2,0,0,0,0
,WOSAN CREAM,Jawa,,3,1600,2080,1760,4800
,XASTEN DEXA TAB 1MG 10x10,Vixa,,20,100,130,110,2000
,XENOBREX CELECOXIB 200MG,,,2,0,0,0,0
,XTENDA-20 TADALAFIL TABLETS,,,2,0,0,0,0
,YELLOW CANNULA 20G,,,50,170,221,187,8500
,YTACAN CLOLTRIMAZOLE CREAM,,,3,545,708.5,599.5,1635
,YTACAN PLUS CLOLTRIMAZOLE CREAM,,,3,570,741,627,1710
,ZEGEM SYRUP,,,2,2500,3250,2750,5000
,ZINNAT 500MG,GSK,,2,0,0,0,0
,ZITHROMAX 250MG CAPSULESX6,Pfizer ,,1,0,0,0,0
,ZOLAT - 400MG CHEWABLE CAPLET,Emzor ,,3,0,0,0,0
,ZOLAT SUSPENSION,Emzor ,,3,800,1040,880,2400
,ZOLON AZITHROMYCIN 250MG 1X 6,Zolon,,3,0,0,0,0
,ZOLON AZITHROMYCIN 500MG 1X3,Zolon,,3,2000,2600,2200,6000
,ZOLON ULSAKIT,Zolon,,1,0,0,0,0
,ZYNCET SYRUP,,,2,0,0,0,0
,COTTON WOOL 100g,,,5,380,494,418,1900
,DISPENSING ENVELOPE ,,,5,400,520,440,2000
,DR FIZZO (Andrew Liver Salt),,,50,210,273,231,10500
,YOYO BITTERS 200mL,,,2,1350,1755,1485,2700
,PANFOR 500mg,Mega,,10,800,1040,880,8000
,PILEX (Diosmin 150mg),,,2,850,1105,935,1700
,CIPROSTAT + TN,Sterling ,,5,2100,2730,2310,10500
,BERLIN FLUCONAZOLE 150mg,Berlin,,3,550,715,605,1650
,BONADOL PCM x 1000,Bond,,1000,6.5,8.45,7.15,6500
,CIPROFLOXACIN 500mg (Sabuzo),Sabuzo,,10,500,650,550,5000
,LISINOPRIL 3x10 (FIDSON),Fidson ,,3,600,780,660,1800
,CERUMOL EAR DROPS,,,1,8500,11050,9350,8500
,Calcium x 1000 Clam-tone,Bliss GVS,,1000,5,6.5,5.5,5000
,,,,,,0,0,0
,,,,,,0,0,0
,,,,,,0,0,0
,,,,,,0,0,0
,,,,,,0,0,0
,,,,,,0,0,0
,,,,,,0,0,0
,,,,,,0,0,0
,,,,,,0,0,0
,,,,,,0,0,0
,,,,,,0,0,0
,,,,,,0,0,0
,,,,,,0,0,0
,,,,,,0,0,0
,,,,,,0,0,0
,,,,,,,,
,,,,,,,,
,,,,,,,,
,,,,,,,,2127003